barcode,gene expression cluster,spot name,Total Reads,array row,array col
AAACAAGTATCTCCCA-1,Cluster 3,spot000,22655,50,102
AAACATTTCCCGGATT-1,Cluster 3,spot001,45949,61,97
AAACCTAAGCAGCCGG-1,Cluster 3,spot002,38542,65,83
AAACGAGACGGTTGAT-1,Cluster 2,spot003,4374,35,79
AAACGGGCGTACGGGT-1,Cluster 3,spot004,42565,65,91
AAAGGGATGTAGCAAG-1,Cluster 2,spot005,1079,24,62
AAAGTGTGATTTATCT-1,Cluster 2,spot006,13776,44,94
AAAGTTGACTCCCGTA-1,Cluster 2,spot007,672,42,96
AAATAGGGTGCTATTG-1,Cluster 2,spot008,653,53,79
AAATCCGATACACGCC-1,Cluster 5,spot009,23824,65,87
AAATCTAGCCCTGCTA-1,Cluster 4,spot010,3657,53,101
AAATGCTCGTTACGTT-1,Cluster 5,spot011,18115,16,24
AACACACGCTCGCCGC-1,Cluster 4,spot012,2725,51,93
AACCCGAGCAGAATCG-1,Cluster 5,spot013,34752,57,113
AACCGCTAAGGGATGC-1,Cluster 1,spot014,42302,46,92
AACCTCGCTTTAGCCC-1,Cluster 3,spot015,15705,62,82
AACGCTGTTGCTGAAA-1,Cluster 4,spot016,7050,54,94
AACGGACGTACGTATA-1,Cluster 2,spot017,1217,50,92
AACGTGCGAAAGTCTC-1,Cluster 1,spot018,16384,36,74
AACTCCAGAGCGTGTT-1,Cluster 5,spot019,17730,60,92
AAGACTGCAAGCTACT-1,Cluster 4,spot020,4352,36,68
AAGAGCTCTTTATCGG-1,Cluster 2,spot021,5128,35,77
AAGAGGCATGGATCGC-1,Cluster 2,spot022,3078,36,80
AAGAGGCCCTTTGGAA-1,Cluster 3,spot023,32193,59,109
AAGCTCGTGCCAAGTC-1,Cluster 1,spot024,23134,35,73
AAGCTCTTTCATGGTG-1,Cluster 4,spot025,8057,57,81
AAGGTGATAAACCAGC-1,Cluster 1,spot026,30453,44,92
AAGTCAATTGTCGTCA-1,Cluster 2,spot027,607,45,101
AAGTGTTTGGAGACGG-1,Cluster 4,spot028,3711,52,80
AAGTTCACTCCAAGCT-1,Cluster 5,spot029,37438,57,85
AAGTTGTGATGTTATA-1,Cluster 5,spot030,23561,66,106
AATAGAATCTGTTTCA-1,Cluster 4,spot031,10166,48,86
AATCATGTAAAGACTC-1,Cluster 3,spot032,11041,54,98
AATCGCCTCAGCGCCA-1,Cluster 2,spot033,15798,39,79
AATGACGTAGGATGTC-1,Cluster 1,spot034,60256,44,78
AATGACTGTCAGCCGG-1,Cluster 1,spot035,34153,23,47
AATGCAACCGGGTACC-1,Cluster 1,spot036,36643,25,59
AATGGTTCTCACAAGC-1,Cluster 5,spot037,13934,19,35
AATTGAACGCTCTGGT-1,Cluster 1,spot038,58543,45,83
AATTGCAGCAATCGAC-1,Cluster 5,spot039,20718,64,102
ACAAAGCATGACCTAG-1,Cluster 3,spot040,37292,63,97
ACAAATCGCACCGAAT-1,Cluster 4,spot041,6721,50,82
ACAAATGGTAGTGTTT-1,Cluster 1,spot042,16483,44,84
ACAACAGCATGAGCTA-1,Cluster 1,spot043,20700,32,72
ACAAGGATGCTTTAGG-1,Cluster 3,spot044,11903,61,87
ACAAGGGCAGGCTCTG-1,Cluster 1,spot045,51714,44,76
ACAATTGTGTCTCTTT-1,Cluster 4,spot046,4130,51,97
ACACAAAGACGGGTGG-1,Cluster 4,spot047,6995,24,56
ACACACCAGGACCAGT-1,Cluster 1,spot048,31397,44,90
ACACCCAGCATGCAGC-1,Cluster 1,spot049,27811,24,50
ACACCCGAGAAATCCG-1,Cluster 2,spot050,4229,19,39
ACACCTTAAGTAGGGC-1,Cluster 1,spot051,30443,25,43
ACACGAGACTCCTTCT-1,Cluster 4,spot052,5073,31,71
ACACGGGAACTTAGGG-1,Cluster 2,spot053,252,27,71
ACACGTAGGCCACAAG-1,Cluster 3,spot054,31256,58,110
ACACTGGGACAGTCGT-1,Cluster 5,spot055,33494,59,115
ACAGCGACATTCTCAT-1,Cluster 3,spot056,18363,59,99
ACAGGCACGGATCCTT-1,Cluster 5,spot057,30440,69,95
ACAGGCTTGCCCGACT-1,Cluster 4,spot058,5535,53,87
ACATCGTATGCAATGG-1,Cluster 1,spot059,40888,45,81
ACCAACCGCACTCCAC-1,Cluster 5,spot060,12638,65,97
ACCAGTGCGGGAGACG-1,Cluster 4,spot061,3410,48,94
ACCCATTTGTCCCTCT-1,Cluster 3,spot062,39288,60,100
ACCCTCCCGTCAGGGC-1,Cluster 3,spot063,29648,69,99
ACCCTCCCTTGCTATT-1,Cluster 1,spot064,73796,48,84
ACCGACTGAGTCCCAC-1,Cluster 1,spot065,25198,28,66
ACCGCAATAACTGCCT-1,Cluster 4,spot066,3378,51,79
ACCGGGCCTTTGTTGA-1,Cluster 2,spot067,6413,46,98
ACCTCCGCCCTCGCTG-1,Cluster 2,spot068,4571,55,107
ACGACTCTAGGGCCGA-1,Cluster 5,spot069,7759,71,93
ACGATCATACATAGAG-1,Cluster 2,spot070,189,25,63
ACGCATACGTTTACTA-1,Cluster 5,spot071,14501,56,102
ACGCATTCGTGAGTAC-1,Cluster 1,spot072,7344,33,61
ACGCGGGCCAAGGACA-1,Cluster 1,spot073,5607,34,62
ACGGTACAGTTCAATG-1,Cluster 5,spot074,13544,71,97
ACGTAGATTGCTGATG-1,Cluster 1,spot075,43539,33,67
ACGTATTACTCCGATC-1,Cluster 2,spot076,703,41,97
ACGTTCTGTACAAGTC-1,Cluster 5,spot077,26521,65,95
ACTAGTTGCGATCGTC-1,Cluster 5,spot078,20297,50,104
ACTCAAGTGCAAGGCT-1,Cluster 5,spot079,27801,60,86
ACTCCGGCCGACCACT-1,Cluster 3,spot080,30973,70,90
ACTCGTCAGTAATCCC-1,Cluster 2,spot081,4722,36,78
ACTCTCTGACTTAGGT-1,Cluster 1,spot082,33789,42,78
ACTCTGACCTAATAGA-1,Cluster 5,spot083,25026,69,97
ACTCTTGTATAGTAAC-1,Cluster 1,spot084,17497,36,70
ACTGAAACGCCGTTAG-1,Cluster 3,spot085,21302,57,93
ACTGAATGGCGAAAGT-1,Cluster 1,spot086,27496,47,83
ACTGTCTTCTTTAGAA-1,Cluster 1,spot087,48220,30,64
ACTTATTTATGTGCCA-1,Cluster 1,spot088,52134,46,90
ACTTCAGGCTGATCCC-1,Cluster 4,spot089,3005,51,81
ACTTCCATGCGGGACA-1,Cluster 3,spot090,36587,61,85
ACTTGACTCCCTCTTT-1,Cluster 1,spot091,22360,42,72
ACTTGTGGATGGAACG-1,Cluster 5,spot092,22366,52,108
ACTTTCCTATAGCTTC-1,Cluster 4,spot093,5475,28,62
AGAAGAGCGCCGTTCC-1,Cluster 2,spot094,5,38,88
AGACCCGCCCTCCTCG-1,Cluster 1,spot095,44266,26,56
AGACGAAGTGCCGGTC-1,Cluster 3,spot096,35389,49,97
AGAGCCGCCGAGATTT-1,Cluster 1,spot097,51732,58,112
AGAGGCTTCGGAAACC-1,Cluster 3,spot098,14484,51,101
AGATACCAATAGAACC-1,Cluster 2,spot099,1900,64,110
AGATACTCAAGATCGA-1,Cluster 4,spot100,10631,46,82
AGATCTCAGGTGTGAT-1,Cluster 2,spot101,797,29,75
AGATGACTCGCCCACG-1,Cluster 2,spot102,260,21,55
AGCAACATATCTTATT-1,Cluster 2,spot103,180,41,93
AGCACCAGTACTCACG-1,Cluster 1,spot104,9575,27,65
AGCACTACCTCACCAG-1,Cluster 4,spot105,1706,53,81
AGCATATCAATATGCT-1,Cluster 4,spot106,3221,51,95
AGCATCGTCGATAATT-1,Cluster 2,spot107,10147,22,52
AGCATTACGAGGCAAG-1,Cluster 3,spot108,29449,67,105
AGCCACAGGTTACCCG-1,Cluster 4,spot109,17448,63,89
AGCGACCAACGATATT-1,Cluster 1,spot110,5949,25,55
AGCGATGCGCCTAATA-1,Cluster 3,spot111,31698,64,108
AGCTAAGTACGCAGGC-1,Cluster 3,spot112,37052,64,86
AGCTCCATATATGTTC-1,Cluster 3,spot113,44480,57,109
AGCTCCTTCGCACATC-1,Cluster 4,spot114,2683,52,86
AGCTCTAGACGTTCCA-1,Cluster 1,spot115,34133,38,76
AGCTTCTTCTCGAGCA-1,Cluster 5,spot116,35701,68,100
AGGACAGTCGAATCCC-1,Cluster 1,spot117,26577,43,85
AGGAGGCCTTCGCGCG-1,Cluster 4,spot118,4276,52,98
AGGATATAGGGATTTA-1,Cluster 5,spot119,18904,46,96
AGGATATCCGACTGCA-1,Cluster 5,spot120,12004,71,95
AGGCACGTGACTGTCC-1,Cluster 2,spot121,6542,57,115
AGGCATTGTCGTAGGG-1,Cluster 5,spot122,33224,49,99
AGGCCTGAGAATCTCG-1,Cluster 3,spot123,33571,62,88
AGGGCTGCAGTTACAG-1,Cluster 1,spot124,16839,35,65
AGGGTTTAGTTCGGGA-1,Cluster 1,spot125,49037,33,63
AGTACTCTTATGCCCA-1,Cluster 5,spot126,28628,56,88
AGTCAAGATGACACTT-1,Cluster 3,spot127,28847,48,90
AGTCACTAGCTCTCGA-1,Cluster 3,spot128,47191,55,99
AGTCAGCCACCGCCTG-1,Cluster 2,spot129,4671,16,28
AGTCGACGGTCTCAAG-1,Cluster 2,spot130,1380,38,90
AGTCGTCGACCACCAA-1,Cluster 3,spot131,31927,57,91
AGTGAGACTTCCAGTA-1,Cluster 2,spot132,1809,35,87
AGTGAGTCGAATTAAC-1,Cluster 2,spot133,2026,67,109
AGTGATAACCTGCGCG-1,Cluster 3,spot134,14639,59,89
AGTGCACGCTTAAGAA-1,Cluster 4,spot135,3897,52,96
AGTGCTAAACACAGCA-1,Cluster 3,spot136,21880,61,91
AGTGCTTGCACGAATA-1,Cluster 2,spot137,8769,41,89
AGTGGCGTCTGAAGGT-1,Cluster 3,spot138,22057,62,86
AGTTTGGCACGGGTTG-1,Cluster 5,spot139,9771,48,102
ATAAACGTTGCACCAC-1,Cluster 3,spot140,20037,57,107
ATAACGCCGGAGGGTC-1,Cluster 2,spot141,968,35,81
ATAATAGTGTAGGGAC-1,Cluster 5,spot142,25365,18,30
ATACGCCGGCGAAACC-1,Cluster 2,spot143,23295,40,78
ATACGTCCACTCCTGT-1,Cluster 4,spot144,3787,47,93
ATACTACCCGTACCAC-1,Cluster 4,spot145,3162,59,105
ATACTGCCTTACACCG-1,Cluster 5,spot146,22467,58,84
ATAGAGTACTGGGACA-1,Cluster 1,spot147,28755,26,48
ATAGCAACTAGGGAAG-1,Cluster 3,spot148,10828,62,98
ATAGGTTGGGCAGATG-1,Cluster 1,spot149,34603,28,64
ATATAACACGGGCGCA-1,Cluster 5,spot150,34032,66,94
ATATACGCTCGTGACG-1,Cluster 3,spot151,28920,62,108
ATATCGTTCCTCGAAC-1,Cluster 4,spot152,5937,58,92
ATATTGCTGTCAAAGT-1,Cluster 5,spot153,17100,18,32
ATATTTAACCCTCAAG-1,Cluster 2,spot154,1867,31,55
ATCAATCTGGGCTGCA-1,Cluster 1,spot155,47817,33,65
ATCAGCCTCATGCTGC-1,Cluster 5,spot156,29541,57,87
ATCATAGCCCTATGTA-1,Cluster 5,spot157,27640,62,106
ATCGCACGCCGGGAGA-1,Cluster 1,spot158,16448,25,57
ATCGTTAGCTAGCGGA-1,Cluster 3,spot159,32881,58,98
ATCTACCATCTGCTCC-1,Cluster 3,spot160,30420,70,88
ATCTCCCACGGAATAT-1,Cluster 4,spot161,2143,60,108
ATCTTATCGCACACCC-1,Cluster 5,spot162,18470,64,104
ATGAAGCCAAGGAGCC-1,Cluster 5,spot163,21675,22,46
ATGACTATGCGACATT-1,Cluster 3,spot164,24907,48,88
ATGCATGATCCAGGAT-1,Cluster 2,spot165,358,25,65
ATGCCATTTGCGACCA-1,Cluster 2,spot166,22216,43,91
ATGCCGGTCTTGCATA-1,Cluster 1,spot167,17875,31,75
ATGCGACAGTCCCATT-1,Cluster 1,spot168,31868,35,71
ATGCGAGTCCCACCAC-1,Cluster 2,spot169,2763,48,104
ATGCTTAGGAGTTGAT-1,Cluster 5,spot170,22753,56,112
ATGGATTGACCAAACG-1,Cluster 4,spot171,3812,27,61
ATGGGCCTCGGCCTCT-1,Cluster 1,spot172,33108,45,91
ATGGTCGCGTGGTTTC-1,Cluster 1,spot173,64794,45,85
ATGTACATGCGGTGAG-1,Cluster 3,spot174,14773,64,112
ATGTGCATCCGACGCA-1,Cluster 2,spot175,2923,23,57
ATGTTGATTAGAGACT-1,Cluster 3,spot176,15135,68,92
ATTAGGCGATGCTTTC-1,Cluster 1,spot177,42843,37,71
ATTATGCCATAGGGAG-1,Cluster 2,spot178,249,21,53
ATTATTCAGAGTCACT-1,Cluster 5,spot179,19858,67,97
ATTCAACCATTTAAGG-1,Cluster 3,spot180,25923,58,100
ATTCATCGTTGAGGCA-1,Cluster 5,spot181,25168,61,89
ATTCCTCCGCCAGTGC-1,Cluster 3,spot182,21062,23,39
ATTCGCGCCTTGAGAG-1,Cluster 5,spot183,36116,65,107
ATTGCCTTTATGTTTG-1,Cluster 3,spot184,21041,64,84
ATTGCGATCAGTAACT-1,Cluster 4,spot185,5113,51,99
ATTGGATTACAGCGTA-1,Cluster 4,spot186,5431,54,102
ATTTGTCTTGGGAGCT-1,Cluster 2,spot187,6346,40,84
CAACCAGTGGCCTACC-1,Cluster 1,spot188,36288,61,115
CAACCTACCGAGCAGT-1,Cluster 3,spot189,29287,61,103
CAACGACCCGTTTACA-1,Cluster 2,spot190,202,20,50
CAACGTGGTGGAGTCT-1,Cluster 2,spot191,1336,55,113
CAAGATATTATAACGT-1,Cluster 1,spot192,22354,45,89
CAAGGCCAGTGGTGCA-1,Cluster 5,spot193,14498,66,100
CAAGTGTGGTTGCAAA-1,Cluster 2,spot194,1264,40,94
CAATCCTGCCGTGGAG-1,Cluster 2,spot195,96,14,24
CAATGCGAGAAGTATC-1,Cluster 4,spot196,4189,54,82
CAATTAAGGGTGATGA-1,Cluster 1,spot197,35160,29,65
CACACACGCTAACGAG-1,Cluster 5,spot198,27199,55,103
CACAGCACCCACGGCA-1,Cluster 4,spot199,7252,31,59
CACAGGGCCATATAGT-1,Cluster 5,spot200,32984,57,97
CACAGTCCCGCTTCGC-1,Cluster 3,spot201,51176,60,112
CACCCTAACAAGATCT-1,Cluster 4,spot202,9382,56,80
CACCGCCAGAAGGTTT-1,Cluster 1,spot203,31266,27,59
CACCGGGCATCACAAG-1,Cluster 5,spot204,4974,72,94
CACCGTATCCCATCCG-1,Cluster 3,spot205,32267,52,104
CACCTAATAGAGTCGT-1,Cluster 5,spot206,5329,17,25
CACGTCAATCAATGGA-1,Cluster 3,spot207,11438,62,116
CACGTTCGTGCTCTAG-1,Cluster 2,spot208,2294,37,81
CACGTTTCGTACACAC-1,Cluster 3,spot209,20203,55,91
CACTACGGGAGCTGCC-1,Cluster 4,spot210,4238,59,107
CACTCTTCTGCTAGCC-1,Cluster 3,spot211,9893,59,101
CAGAACTTAGCCCTCT-1,Cluster 4,spot212,5019,53,85
CAGAATAACACACGGA-1,Cluster 2,spot213,4513,55,111
CAGAGCATGAGCTTGC-1,Cluster 2,spot214,4746,26,70
CAGATAATGGGCGGGT-1,Cluster 5,spot215,14410,66,102
CAGATACTAACATAGT-1,Cluster 1,spot216,9317,26,46
CAGCAGTCCAGACTAT-1,Cluster 3,spot217,22310,50,100
CAGCTCACTGAGACAT-1,Cluster 2,spot218,2557,33,59
CAGGCAGTCTTACCAG-1,Cluster 5,spot219,21681,65,85
CAGTGTCGGCTGGCCC-1,Cluster 4,spot220,5389,52,92
CAGTTCAAATTGACAC-1,Cluster 2,spot221,1262,29,51
CATAGAGGAGATACTA-1,Cluster 3,spot222,38481,69,87
CATAGTCAAATACATA-1,Cluster 3,spot223,58270,65,93
CATCATTACCCTGAGG-1,Cluster 4,spot224,5860,52,94
CATCCTCTCAAAGATC-1,Cluster 3,spot225,11013,54,92
CATGGATTGTCTTCCG-1,Cluster 3,spot226,37986,55,101
CATGGGTATGCCTTAT-1,Cluster 4,spot227,6262,56,82
CATGGTCTAGATACCG-1,Cluster 2,spot228,1094,26,66
CATGGTTTATTAATCA-1,Cluster 3,spot229,26974,69,103
CATGTAAGAGACATTT-1,Cluster 3,spot230,27181,54,90
CATGTCTCATTTATGG-1,Cluster 1,spot231,27095,49,85
CATTATGCTTGTTGTG-1,Cluster 1,spot232,47111,26,52
CATTTCTAGCAGACTA-1,Cluster 5,spot233,11872,16,26
CCAAACAGAACCCTCG-1,Cluster 5,spot234,28599,22,48
CCAAGCGTAACTCGTA-1,Cluster 4,spot235,4791,33,71
CCAATTGAATGTTAAT-1,Cluster 2,spot236,316,20,46
CCACAGTACCCATCCT-1,Cluster 4,spot237,2386,48,92
CCACCCAAGGAAAGTG-1,Cluster 1,spot238,31554,37,75
CCACTGTTTGGATTAA-1,Cluster 4,spot239,3062,58,106
CCAGGGACGTGGCCTC-1,Cluster 1,spot240,26889,27,53
CCATATGGAAACTATA-1,Cluster 4,spot241,10183,53,103
CCATGCCCTAGATTTC-1,Cluster 5,spot242,32205,56,98
CCATGCTCTGCAGGAA-1,Cluster 2,spot243,3965,21,43
CCCAAGTCATTACACT-1,Cluster 5,spot244,22874,68,96
CCCAGGTCTGAAGGCT-1,Cluster 2,spot245,5539,53,111
CCCAGTTAAGGCGCCG-1,Cluster 1,spot246,40194,42,82
CCCGTCAGCGTCTGAC-1,Cluster 1,spot247,34184,23,51
CCCGTTTCGCAGATGT-1,Cluster 3,spot248,29701,52,106
CCCTACTTGAACAATG-1,Cluster 3,spot249,24923,70,86
CCCTTTAATGGAGTTC-1,Cluster 3,spot250,8442,63,109
CCGAAAGTGGTGAGCA-1,Cluster 5,spot251,23335,17,27
CCGACAATAGGCCGCC-1,Cluster 5,spot252,32225,57,111
CCGCACAAAGACCAAC-1,Cluster 1,spot253,19151,36,76
CCGCTCTTCCGAACTA-1,Cluster 3,spot254,8957,63,99
CCGGGCGGTCTCGTCA-1,Cluster 1,spot255,8303,32,76
CCGGGCTGCTCCATAC-1,Cluster 2,spot256,22,36,86
CCGTAAGTTGGTCCCA-1,Cluster 2,spot257,878,33,77
CCGTAGGAAATCCCTG-1,Cluster 3,spot258,29859,60,96
CCGTAGGGTTGTTTAC-1,Cluster 3,spot259,10758,60,104
CCTAACCCAAACAAGT-1,Cluster 4,spot260,3603,49,89
CCTACTGCTTACACTT-1,Cluster 4,spot261,4181,27,49
CCTAGGCGTAGCGATC-1,Cluster 2,spot262,1355,36,88
CCTATAATGAGTGCCC-1,Cluster 4,spot263,5617,55,81
CCTATGGGTTACCGTC-1,Cluster 1,spot264,27171,29,69
CCTATGTCCACTCCAC-1,Cluster 3,spot265,32007,62,92
CCTCCTGTTGTGTCGT-1,Cluster 3,spot266,19768,62,96
CCTCGGACCGGGATAG-1,Cluster 1,spot267,27474,41,85
CCTGAACGATATATTC-1,Cluster 2,spot268,47,37,85
CCTGCTATTTGAGAAG-1,Cluster 1,spot269,39659,26,50
CCTGTCACCCGGGCTC-1,Cluster 1,spot270,30830,29,67
CCTGTTTGAAGACACG-1,Cluster 3,spot271,38055,58,94
CCTTGACCACTTTATT-1,Cluster 2,spot272,2491,55,109
CGAACAGTATGGGCGT-1,Cluster 4,spot273,2531,50,96
CGACAATTTGATCTAA-1,Cluster 2,spot274,55,43,95
CGACACGCTCCGACAG-1,Cluster 4,spot275,17657,46,94
CGAGAGATGTGAACCT-1,Cluster 2,spot276,700,29,73
CGAGAGCTTTCACTAC-1,Cluster 3,spot277,37816,64,88
CGAGAGGGTAGCCGCG-1,Cluster 2,spot278,1525,56,104
CGAGGCCAGGCATTGG-1,Cluster 2,spot279,2456,14,22
CGAGGCTAAATATGGC-1,Cluster 1,spot280,22466,29,71
CGAGGGACTGCGGTCG-1,Cluster 2,spot281,19432,38,78
CGATAGTCGTACTGCA-1,Cluster 5,spot282,24075,66,88
CGCACATGTCCACTAC-1,Cluster 2,spot283,303,39,87
CGCAGGCGATCCAAAC-1,Cluster 4,spot284,5377,52,102
CGCATGCCGAATGCGT-1,Cluster 5,spot285,31939,67,89
CGCATTAGCTAATAGG-1,Cluster 1,spot286,36454,27,57
CGCCCAGCGTTTCACG-1,Cluster 5,spot287,25446,65,89
CGCCGCCCATGCCTGT-1,Cluster 2,spot288,678,39,83
CGCCGTTCAGCATAGT-1,Cluster 3,spot289,21286,58,104
CGCCTCCCTCCTCTAT-1,Cluster 1,spot290,37789,43,73
CGCGAAGTGGCATACT-1,Cluster 5,spot291,29536,64,96
CGCGACCGCGACAGAT-1,Cluster 3,spot292,31507,59,81
CGCGGCTCAACTTGAA-1,Cluster 2,spot293,991,43,97
CGCGGTACGGTATACA-1,Cluster 1,spot294,27140,62,118
CGCGTTCATGAAATAC-1,Cluster 1,spot295,22065,27,51
CGCTATTCAATGTATG-1,Cluster 3,spot296,20982,19,31
CGCTCGACATAATGAT-1,Cluster 2,spot297,1611,21,45
CGCTGGTGACTACCCT-1,Cluster 5,spot298,20228,48,98
CGCTGTGACGCCGCAC-1,Cluster 1,spot299,15779,25,47
CGCTTCGGTCTAAGAC-1,Cluster 5,spot300,13959,66,104
CGCTTGGACGGATAGA-1,Cluster 1,spot301,6276,63,117
CGGATCCTCAAGGACT-1,Cluster 5,spot302,25548,60,80
CGGCAATAAGATCGCC-1,Cluster 5,spot303,26342,54,108
CGGCGCCATCAATCCC-1,Cluster 3,spot304,25920,59,93
CGGGAGCTTCAGTGTA-1,Cluster 2,spot305,1277,49,91
CGGGATCAATGTAAGA-1,Cluster 2,spot306,275,23,59
CGGGCAGCTAAACCGC-1,Cluster 1,spot307,7787,32,56
CGGGTTTGTTAGGGCT-1,Cluster 2,spot308,3594,56,114
CGGTACTAGAATCAAA-1,Cluster 1,spot309,19951,43,83
CGGTGTACTTGATCCC-1,Cluster 2,spot310,2126,17,31
CGTAGAGAGTAATTAT-1,Cluster 5,spot311,26273,67,87
CGTGCACACCACTGTA-1,Cluster 2,spot312,2812,72,90
CGTGCAGACTGGGACA-1,Cluster 1,spot313,19690,40,74
CGTGCCCTCCCGAAGA-1,Cluster 1,spot314,36025,43,77
CGTGGCCGAATATCTA-1,Cluster 2,spot315,1839,47,101
CGTGTATGGGAGCTGA-1,Cluster 2,spot316,94,65,111
CGTTAATGTCCCGACG-1,Cluster 5,spot317,30058,59,87
CGTTGAGCGACCGTCG-1,Cluster 1,spot318,40975,44,74
CTAACTGATAATCGCC-1,Cluster 3,spot319,40352,58,102
CTACACTCGCAGATGG-1,Cluster 3,spot320,13440,57,101
CTACTGCCACCTGACC-1,Cluster 4,spot321,4362,27,63
CTAGATTTACGACGGC-1,Cluster 1,spot322,38952,42,74
CTAGCATAGTATAATG-1,Cluster 1,spot323,38961,34,66
CTAGCCACAGGCGAGC-1,Cluster 2,spot324,1593,59,117
CTAGGCGCCCTATCAG-1,Cluster 2,spot325,2094,51,91
CTAGTCACGTCTTAAG-1,Cluster 1,spot326,31340,37,69
CTAGTTGGGCCCGGTA-1,Cluster 2,spot327,3452,26,68
CTATCGACGAAATACA-1,Cluster 3,spot328,22189,53,93
CTATCGGGTCTCAACA-1,Cluster 1,spot329,25756,35,69
CTATGGGAAGCGGAAT-1,Cluster 4,spot330,8206,54,104
CTATGTCACTAGCCCA-1,Cluster 1,spot331,34863,30,66
CTATTTGGTTACGGAT-1,Cluster 2,spot332,313,36,82
CTCAACTAACCCGGAT-1,Cluster 4,spot333,16443,63,85
CTCGAGGTCGAACAGT-1,Cluster 4,spot334,4815,29,59
CTCGCTAGGTAAGCGA-1,Cluster 5,spot335,9660,72,96
CTCGGTACCACTGCTC-1,Cluster 2,spot336,17882,41,81
CTCTAGCCCTCGGAAA-1,Cluster 3,spot337,35613,66,90
CTCTCACAATCGATGA-1,Cluster 1,spot338,22632,32,70
CTCTGGACGCCTGGTG-1,Cluster 1,spot339,16245,32,62
CTCTTCTATTGACTGG-1,Cluster 2,spot340,2059,46,100
CTGAGCAAGTAACAAG-1,Cluster 2,spot341,6797,15,25
CTGCAAGCACGTTCCG-1,Cluster 1,spot342,20518,61,111
CTGCAGAGAATCAGAG-1,Cluster 4,spot343,5615,61,101
CTGCCTTTCTAGTAAA-1,Cluster 3,spot344,14456,63,93
CTGGAAATGGATGCTT-1,Cluster 4,spot345,3328,29,53
CTGGAAGACACGGTGG-1,Cluster 2,spot346,1731,50,88
CTGGCGCACAGGTCTG-1,Cluster 2,spot347,343,37,89
CTGGCTGATTCATCCT-1,Cluster 2,spot348,1584,44,96
CTGGGATAAATAATGG-1,Cluster 2,spot349,129,38,84
CTGGGTAGGCAGTTAA-1,Cluster 1,spot350,38176,43,79
CTGGTAAAGACTTACA-1,Cluster 3,spot351,8384,71,99
CTGGTAAAGTGTGGGC-1,Cluster 5,spot352,41490,60,114
CTGGTAACACATAGAA-1,Cluster 1,spot353,26384,42,88
CTGGTTTCGAGCAAGA-1,Cluster 1,spot354,41694,46,88
CTGTATGGTGTAGAAA-1,Cluster 4,spot355,1925,20,32
CTGTGGTCGGGAGATA-1,Cluster 3,spot356,25155,55,89
CTGTTCACTGCCTGTG-1,Cluster 2,spot357,2964,22,56
CTTAGTGTAGTAGCAT-1,Cluster 3,spot358,36065,61,83
CTTCATAGCTCAAGAA-1,Cluster 5,spot359,17259,19,37
CTTCGATTGCGCAAGC-1,Cluster 3,spot360,24219,68,88
CTTGAGTTAGGGTAAT-1,Cluster 2,spot361,1652,39,93
CTTGATGACCATCCAG-1,Cluster 3,spot362,19138,70,98
CTTGTACTTGTTGACT-1,Cluster 2,spot363,228,21,51
CTTGTTGCTGAGTCAA-1,Cluster 2,spot364,4723,38,80
CTTGTTTATGTAGCCA-1,Cluster 5,spot365,24290,18,28
CTTTACCGAATAGTAG-1,Cluster 4,spot366,6120,50,84
CTTTAGGAACACTGTT-1,Cluster 1,spot367,15328,41,87
CTTTGCATCGCTCTTG-1,Cluster 3,spot368,30371,60,94
GAAACAGATGACCACC-1,Cluster 2,spot369,65,40,92
GAACAACTGGGATGAA-1,Cluster 5,spot370,29824,67,85
GAACACACATCAACCA-1,Cluster 2,spot371,20154,22,50
GAATAGACGCGACCCA-1,Cluster 2,spot372,7911,42,92
GAATGTGGTCCGGATT-1,Cluster 1,spot373,49881,43,81
GAATTATAGTGAAAGG-1,Cluster 1,spot374,22088,34,68
GACACAAGGGAAGAAA-1,Cluster 1,spot375,12263,30,72
GACACTGGAACCCGAT-1,Cluster 2,spot376,1696,52,110
GACACTTCCAATTACC-1,Cluster 3,spot377,20339,70,96
GACAGCCAGACCTGAC-1,Cluster 1,spot378,24221,42,86
GACCAAACGTTGACTG-1,Cluster 3,spot379,11399,58,108
GACGAGGCTAATAAAC-1,Cluster 5,spot380,22971,56,100
GACTAAGATCATGCAC-1,Cluster 1,spot381,30012,23,53
GACTGCACCAGCCCAG-1,Cluster 1,spot382,54844,46,80
GAGAACGGTTCTGACT-1,Cluster 3,spot383,30543,67,103
GAGACTGATGGGTAGA-1,Cluster 1,spot384,16772,28,56
GAGATCTGTCACTCCG-1,Cluster 1,spot385,22007,30,74
GAGATCTTCCATGACA-1,Cluster 1,spot386,60391,45,77
GAGCACCTGTGTCCAG-1,Cluster 4,spot387,4479,58,80
GAGCCAGCTACCTGTG-1,Cluster 3,spot388,9920,53,89
GAGCGCAAATACTCCG-1,Cluster 5,spot389,11464,51,107
GAGCGCGCACGAGTAG-1,Cluster 3,spot390,11573,49,93
GAGGCCTGTTGATACA-1,Cluster 5,spot391,25794,63,107
GAGGTCCCAAAGATCT-1,Cluster 5,spot392,12091,18,26
GAGTGTCAACCAGAAA-1,Cluster 4,spot393,9323,63,83
GAGTGTGCGGTACCCA-1,Cluster 1,spot394,41643,44,88
GATAACTCGCACTGTG-1,Cluster 2,spot395,183,39,89
GATATGAGACACTAAC-1,Cluster 2,spot396,5918,39,81
GATCATTCCAAACATT-1,Cluster 4,spot397,9973,30,56
GATCCCTTTATACTGC-1,Cluster 4,spot398,5121,28,60
GATCCGGGAATTAACA-1,Cluster 1,spot399,52104,39,73
GATCGACACTATCTGA-1,Cluster 4,spot400,1676,27,47
GATCGCTACCCGATTT-1,Cluster 4,spot401,7902,50,98
GATCGGTGGCCATAAC-1,Cluster 2,spot402,24145,28,68
GATCGTGACTGATATC-1,Cluster 4,spot403,6910,38,72
GATGCTGTATTTCATC-1,Cluster 1,spot404,42804,43,75
GATGGCGCACACATTA-1,Cluster 5,spot405,10144,19,29
GATGTTTGTGCGAGAT-1,Cluster 2,spot406,587,20,30
GATTAACCGAAAGCCC-1,Cluster 4,spot407,6326,55,93
GATTCCCTTGTCGCAG-1,Cluster 2,spot408,5024,25,67
GATTCGACGGTTCACG-1,Cluster 1,spot409,9801,41,71
GCAAACCCTACATTAT-1,Cluster 4,spot410,14702,48,82
GCAAGTGCACAGAGAA-1,Cluster 4,spot411,3956,24,42
GCACACACTGGTAGCC-1,Cluster 3,spot412,23284,56,94
GCACGTGGTTTACTTA-1,Cluster 5,spot413,24842,64,106
GCAGATCCATAAGACT-1,Cluster 4,spot414,5169,51,85
GCAGTGTGGCTATAGG-1,Cluster 5,spot415,20942,59,83
GCATCGGCCGTGTAGG-1,Cluster 2,spot416,761,49,103
GCATGCTAATAACGAT-1,Cluster 5,spot417,33816,67,95
GCCACTCAGAGCGCGA-1,Cluster 3,spot418,20671,59,95
GCCCAGTTGGTATGCC-1,Cluster 4,spot419,7399,22,38
GCCCGCGCGTTTGACA-1,Cluster 2,spot420,11815,20,40
GCCTAGCGATCTGACC-1,Cluster 2,spot421,121,20,42
GCCTCATCTGGAAATA-1,Cluster 2,spot422,434,41,95
GCCTCCGACAATTCAC-1,Cluster 3,spot423,39583,60,98
GCGAAACGATCGGGAG-1,Cluster 4,spot424,6176,54,100
GCGAAACTTAACTGGA-1,Cluster 1,spot425,70241,44,82
GCGAAGAATCTGACGG-1,Cluster 5,spot426,28691,66,84
GCGAAGCCATACCCGT-1,Cluster 1,spot427,31531,31,61
GCGATTGTTAACGTTA-1,Cluster 1,spot428,22694,37,77
GCGCGTCATTGGTACA-1,Cluster 4,spot429,5146,57,83
GCGCTAATTGAATAGA-1,Cluster 4,spot430,5104,34,70
GCGCTTAAATAATTGG-1,Cluster 5,spot431,32925,57,89
GCGGAGAGGGAGAACG-1,Cluster 4,spot432,5203,46,78
GCTAACTGAAGTCTGA-1,Cluster 5,spot433,27796,58,88
GCTAAGTAGTTTCTCT-1,Cluster 2,spot434,2805,34,80
GCTAATACCGAATGCC-1,Cluster 2,spot435,2307,21,47
GCTACAATCGAGGATA-1,Cluster 5,spot436,27141,62,104
GCTACTATAGTAGAGT-1,Cluster 4,spot437,3229,50,94
GCTAGAGTAGAGATGT-1,Cluster 3,spot438,58399,56,96
GCTAGGCACCACGGAG-1,Cluster 4,spot439,5017,54,84
GCTATACGTCTCGGAC-1,Cluster 4,spot440,4926,52,88
GCTCTAAACCCTGACG-1,Cluster 4,spot441,4827,24,58
GCTCTCGGGTACCGAA-1,Cluster 1,spot442,38534,26,58
GCTGCACGGTTTCTTA-1,Cluster 1,spot443,41838,41,73
GCTGCTCTCCGGACAC-1,Cluster 1,spot444,50335,31,63
GCTTAATGTAACTAAC-1,Cluster 1,spot445,22390,42,84
GCTTGATGATAATCAG-1,Cluster 2,spot446,823,22,36
GGAAACTAAATGGGCC-1,Cluster 3,spot447,18025,60,102
GGAACTTTGGCGATTA-1,Cluster 3,spot448,41457,60,110
GGACAACCATGAAGCC-1,Cluster 4,spot449,2924,70,102
GGAGAAGTCATTGGCA-1,Cluster 3,spot450,48825,23,41
GGAGCAACATTTCAAG-1,Cluster 4,spot451,9046,57,103
GGAGGGCTTGGTTGGC-1,Cluster 2,spot452,460,32,78
GGAGGGTCAAGTAAGA-1,Cluster 3,spot453,38930,62,114
GGATCCGGAATATACT-1,Cluster 2,spot454,645,34,82
GGATGAAGATCGCTGA-1,Cluster 2,spot455,120,42,94
GGATGGCTTGAAGTAT-1,Cluster 3,spot456,23128,68,98
GGATTCAGTACGGTGG-1,Cluster 5,spot457,16474,19,33
GGATTGCTGTGACTCC-1,Cluster 5,spot458,25126,60,84
GGCAATAGTCAATGAG-1,Cluster 1,spot459,13307,30,70
GGCAGCAAACCTATGC-1,Cluster 3,spot460,30767,51,103
GGCCTGCTTCTCCCGA-1,Cluster 1,spot461,48449,59,113
GGCGAAATCTAACTTG-1,Cluster 1,spot462,44800,43,87
GGCGCGGAGATCTTTC-1,Cluster 5,spot463,26109,58,86
GGCGGTAGGATCATTG-1,Cluster 1,spot464,11618,31,69
GGCGTAGGGAAAGCTG-1,Cluster 4,spot465,5587,64,82
GGCTCGTGCCACCAGC-1,Cluster 2,spot466,20031,20,38
GGCTGAAATAGCAAAG-1,Cluster 1,spot467,72814,49,79
GGGAAGGGCTTTCTCA-1,Cluster 4,spot468,12881,63,87
GGGACTGCATAGATAG-1,Cluster 4,spot469,8014,32,60
GGGAGAACTCACAGTA-1,Cluster 1,spot470,45039,32,64
GGGAGCGACCGTAGTG-1,Cluster 3,spot471,28836,68,86
GGGAGTTAATGAGGCG-1,Cluster 1,spot472,9177,33,75
GGGATTTACCGCACCT-1,Cluster 2,spot473,15402,42,90
GGGCCGGCCGAAGTAC-1,Cluster 2,spot474,341,36,84
GGGCGATATGTGTGAA-1,Cluster 4,spot475,4221,28,58
GGGCGTACATTTATAT-1,Cluster 1,spot476,36944,24,54
GGGCGTGGTTTCCCAG-1,Cluster 5,spot477,28872,61,81
GGGCTGCCTAGGGCGA-1,Cluster 1,spot478,46384,33,69
GGGTCTATCGCTTTCC-1,Cluster 1,spot479,40034,63,113
GGTAGTGCTCGCACCA-1,Cluster 1,spot480,20182,34,72
GGTCAAGACTACTTCG-1,Cluster 4,spot481,2285,53,105
GGTCTCCGTCCAGGTT-1,Cluster 3,spot482,25238,63,101
GGTGATAAGGAGCAGT-1,Cluster 2,spot483,1238,37,79
GGTGGACTGCTCTGGC-1,Cluster 3,spot484,13952,55,85
GGTTAGCTATATGTCT-1,Cluster 1,spot485,74758,47,87
GGTTTAGCCTTTCTTG-1,Cluster 2,spot486,610,46,102
GGTTTGTGACCTGAGG-1,Cluster 3,spot487,30324,61,105
GTAACATCTAAGATAA-1,Cluster 5,spot488,30585,56,110
GTAAGTAACAGTCTGG-1,Cluster 2,spot489,8322,40,82
GTACAGAGGCAAGGGT-1,Cluster 2,spot490,456,37,83
GTACTAAGATTTGGAG-1,Cluster 1,spot491,61894,27,55
GTACTGGAGTTAGACC-1,Cluster 2,spot492,2267,33,81
GTAGTCGCGGGAATCA-1,Cluster 1,spot493,87450,49,81
GTATCAAACGTTAGCT-1,Cluster 3,spot494,13936,55,97
GTATCAGCTTGGGTTC-1,Cluster 4,spot495,3241,20,34
GTATCCTTTGGTAACC-1,Cluster 3,spot496,17615,64,92
GTCAACCAGGCCTATA-1,Cluster 5,spot497,18793,65,103
GTCAAGCGGACTCGGG-1,Cluster 2,spot498,24531,39,77
GTCATGCACCTCCGTT-1,Cluster 1,spot499,31239,29,61
GTCATGCGCGAGGGCT-1,Cluster 5,spot500,19432,64,98
GTCATGGACATGACTA-1,Cluster 1,spot501,10109,26,62
GTCCCAACGTAAAGTA-1,Cluster 1,spot502,4479,33,73
GTCCCGCGACGTTATG-1,Cluster 3,spot503,49397,58,82
GTCCGGACCTGAAATT-1,Cluster 3,spot504,31776,54,88
GTCCGGCTGAATTGCG-1,Cluster 4,spot505,8259,28,52
GTCCTACGAATAGTCT-1,Cluster 5,spot506,17286,53,91
GTCGCGTAACCCGTTG-1,Cluster 1,spot507,21493,39,75
GTCTAGTGAGCCGCTT-1,Cluster 3,spot508,46357,66,92
GTCTATTGCATGCTCG-1,Cluster 5,spot509,19661,65,105
GTCTATTGGTTCCGGT-1,Cluster 2,spot510,1909,50,90
GTGACCGCACACTACG-1,Cluster 2,spot511,277,39,91
GTGAGGACACTTAAGG-1,Cluster 1,spot512,22417,41,77
GTGATCACTAACGCCT-1,Cluster 2,spot513,19038,47,97
GTGATCCTTGTCATGA-1,Cluster 3,spot514,39490,62,84
GTGCCCGTTCGGATTC-1,Cluster 2,spot515,1188,39,85
GTGCCTGAGACCAAAC-1,Cluster 3,spot516,22290,69,89
GTGCGTGTATATGAGC-1,Cluster 2,spot517,22846,41,83
GTGGCTGTTTCTGTTC-1,Cluster 3,spot518,21223,70,92
GTGGTGGCCAAGTGAA-1,Cluster 1,spot519,14528,45,79
GTGTGAATAACTTAGG-1,Cluster 2,spot520,1459,33,83
GTGTTACTATGCGTCC-1,Cluster 2,spot521,41869,41,75
GTTAAAGTAGGACTGG-1,Cluster 1,spot522,63640,49,83
GTTATAATACGGTGAA-1,Cluster 4,spot523,5282,53,107
GTTCGCTGAGACGTCT-1,Cluster 3,spot524,13281,53,109
GTTCGGAGCACTCAAC-1,Cluster 3,spot525,16892,64,114
GTTCGTCTAAAGAACT-1,Cluster 2,spot526,1570,51,89
GTTGAGTCCCGCCGGT-1,Cluster 4,spot527,1968,52,78
GTTGCACGGAGTTTCG-1,Cluster 1,spot528,41269,24,48
GTTTCAAACGAGTTGT-1,Cluster 4,spot529,4376,61,109
GTTTCCTGGAGGGTGA-1,Cluster 4,spot530,4531,25,49
GTTTCTAGAGGCGCGG-1,Cluster 3,spot531,32929,69,93
GTTTCTGCAGTCTCCC-1,Cluster 1,spot532,45815,40,72
GTTTGACCAAATCCTA-1,Cluster 4,spot533,5475,30,58
GTTTGGCCCAAGTTAT-1,Cluster 1,spot534,34357,42,80
GTTTGGGTTTCGCCCG-1,Cluster 4,spot535,13287,63,91
TAACAAAGGGAGAAGC-1,Cluster 4,spot536,4747,21,35
TAACATACAATGTGGG-1,Cluster 1,spot537,42436,38,70
TAACCTAGGGAGTCCA-1,Cluster 3,spot538,23569,60,106
TAACTCCATGGAGGCT-1,Cluster 2,spot539,1374,19,27
TAAGGCTGAATCCCTC-1,Cluster 2,spot540,3191,45,97
TAAGGGCCTGTCCGAT-1,Cluster 3,spot541,55669,57,95
TAAGTTGCGACGTAGG-1,Cluster 4,spot542,6743,53,95
TAATTACGTCAGTAGA-1,Cluster 3,spot543,27581,62,102
TACAAGGGCTTCTTTA-1,Cluster 3,spot544,23589,68,94
TACACCTCTTCGAATC-1,Cluster 5,spot545,12970,71,91
TACAGAAACGGTGGGC-1,Cluster 5,spot546,17643,59,85
TACCAATAAAGTACCA-1,Cluster 4,spot547,7027,55,83
TACCGAATAATTGTAA-1,Cluster 3,spot548,57207,67,93
TACGCTCGGTATTGGA-1,Cluster 1,spot549,38659,61,113
TACGGCATGGACGCTA-1,Cluster 1,spot550,16694,63,115
TACGTAAAGCGGAGTG-1,Cluster 5,spot551,19091,63,103
TACGTGCACTATGCTG-1,Cluster 2,spot552,1388,21,33
TACTCTTACTTTACTG-1,Cluster 3,spot553,46759,59,111
TACTTGTTAGTAGTCC-1,Cluster 2,spot554,49,37,87
TAGAATAGCCGATGAA-1,Cluster 3,spot555,21846,62,100
TAGAGGTTCTACTTGT-1,Cluster 4,spot556,7890,54,96
TAGAGTCTAAGCGAAC-1,Cluster 4,spot557,3879,29,55
TAGATGGTTCCTTACT-1,Cluster 3,spot558,21313,59,97
TAGCAGTATGACTAAA-1,Cluster 5,spot559,12737,66,98
TAGCCATTTCAAAGTC-1,Cluster 1,spot560,25761,43,89
TAGCTAAGTCCGGGAG-1,Cluster 4,spot561,4960,29,57
TAGGCCTATATAGTCT-1,Cluster 3,spot562,8704,66,110
TAGGCTAAAGTGGCAC-1,Cluster 5,spot563,13134,65,99
TAGGGTGTTTCAAGAG-1,Cluster 2,spot564,7130,22,54
TAGGTGCTCGCCTAGC-1,Cluster 2,spot565,6157,40,86
TAGGTTCGAGTTCGTC-1,Cluster 4,spot566,15824,35,67
TAGTCGATCACGGGTT-1,Cluster 5,spot567,29632,48,96
TATAAATCCACAAGCT-1,Cluster 2,spot568,138,20,44
TATAAGTGAGGATAGC-1,Cluster 3,spot569,37511,21,39
TATACACGCAAAGTAT-1,Cluster 2,spot570,5378,18,36
TATCCAATTGGTTATC-1,Cluster 4,spot571,3729,55,79
TATCGATGATTAAACG-1,Cluster 1,spot572,32334,23,49
TATGAAGAATTAAGGT-1,Cluster 5,spot573,23109,67,99
TATGATCTTCTCTTTA-1,Cluster 3,spot574,28231,58,90
TATGCTCCCTACTTAC-1,Cluster 4,spot575,4375,25,61
TATGGATGTGCTACGC-1,Cluster 1,spot576,52877,26,54
TATGGGTACGTATCGT-1,Cluster 1,spot577,27731,32,58
TATTCAATTCTAATCC-1,Cluster 1,spot578,12709,34,74
TATTCCGAGCTGTTAT-1,Cluster 4,spot579,8621,54,86
TATTCGTGCCAGAATA-1,Cluster 1,spot580,49930,34,64
TATTTGTTACCCTTTA-1,Cluster 4,spot581,4468,24,46
TCAAACAACCGCGTCG-1,Cluster 2,spot582,1508,24,60
TCAAACTTAGATTGTT-1,Cluster 1,spot583,40041,31,65
TCAACCATGTTCGGGC-1,Cluster 1,spot584,53338,25,51
TCAACTGCAGAGTCAG-1,Cluster 5,spot585,22754,56,108
TCAAGCGCGGACGGTA-1,Cluster 1,spot586,36705,58,114
TCAAGGTTACTACACC-1,Cluster 2,spot587,1051,47,103
TCACAAACCGAGGTAC-1,Cluster 3,spot588,43693,61,95
TCACAGGGAATCGCAA-1,Cluster 4,spot589,10050,47,79
TCACGGTCATCGCACA-1,Cluster 1,spot590,31515,23,45
TCAGCAAATGCATCTC-1,Cluster 1,spot591,31143,31,73
TCAGCCAATCCGTAAA-1,Cluster 3,spot592,26281,63,105
TCAGGGTGTAACGTAA-1,Cluster 2,spot593,862,28,72
TCATCACTCGAGCTCG-1,Cluster 5,spot594,14660,17,29
TCATCCTCAGCTGCTT-1,Cluster 3,spot595,31512,68,90
TCATTTAGAAGTGTGA-1,Cluster 5,spot596,21536,54,110
TCCAACTCAGCTATCT-1,Cluster 3,spot597,14457,67,91
TCCACTTTATCTAGGT-1,Cluster 2,spot598,1071,31,79
TCCAGGCGAGTACGGT-1,Cluster 4,spot599,2677,31,57
TCCCAAAGACGAAGGA-1,Cluster 1,spot600,30366,26,60
TCCCGCGTACTCCTGG-1,Cluster 2,spot601,1317,27,69
TCCCGTGTGCAATTTG-1,Cluster 1,spot602,64542,44,80
TCCGATGGTGCGACAT-1,Cluster 4,spot603,7460,25,53
TCCGCGGCAGCATCTG-1,Cluster 2,spot604,363,34,84
TCCGCGGCCCAATGAA-1,Cluster 4,spot605,5393,53,99
TCCGCTGTCATCCCGG-1,Cluster 1,spot606,48665,47,81
TCCGGGCTTGACGGGA-1,Cluster 5,spot607,9102,66,96
TCCGTTAAGCTAATAT-1,Cluster 4,spot608,1767,52,100
TCCTAAAGATTCAGAC-1,Cluster 5,spot609,6665,68,84
TCCTACATCCACGGCC-1,Cluster 1,spot610,57905,46,84
TCCTCGGGCTGGGCTT-1,Cluster 1,spot611,26209,40,76
TCCTTACGACGGTCCG-1,Cluster 4,spot612,2127,49,95
TCCTTTAAATCCGCTT-1,Cluster 3,spot613,14901,56,92
TCCTTTCTTACGCTTA-1,Cluster 1,spot614,47087,30,62
TCGAAGAACCGAGCAC-1,Cluster 2,spot615,1274,45,99
TCGCACCAGGAGGCAG-1,Cluster 1,spot616,20482,50,80
TCGCATAAAGGGCGCA-1,Cluster 4,spot617,3405,63,111
TCGCCGACATATTCGC-1,Cluster 5,spot618,21546,66,86
TCGCGTAGCAGTGTCC-1,Cluster 2,spot619,229,57,99
TCGCTCGATATATTCC-1,Cluster 1,spot620,35755,29,63
TCGCTGGGCGGATTGT-1,Cluster 2,spot621,1915,28,74
TCGGACGCCCAGCCCA-1,Cluster 2,spot622,1138,33,79
TCGGAGTACATGAGTA-1,Cluster 1,spot623,7224,32,74
TCGGCGAACCCAAACC-1,Cluster 2,spot624,3775,49,105
TCGGCTTGTATCGACG-1,Cluster 3,spot625,46638,58,96
TCGGGCCGTCGTGGTA-1,Cluster 2,spot626,1514,40,88
TCGTCCGCTGGCGTCT-1,Cluster 3,spot627,38365,22,40
TCGTCTTAGGCGTTAA-1,Cluster 4,spot628,5250,53,83
TCGTGTACTATGGATG-1,Cluster 2,spot629,158,47,77
TCGTGTTCGACCACAA-1,Cluster 2,spot630,4816,57,105
TCGTTTACGCGACCCT-1,Cluster 3,spot631,18160,70,94
TCTACCCAATAGAGAG-1,Cluster 5,spot632,11915,56,106
TCTACCGTCCACAAGC-1,Cluster 2,spot633,2901,27,67
TCTAGCATCTTCGATG-1,Cluster 1,spot634,29604,23,43
TCTAGTGATATCGTGG-1,Cluster 2,spot635,1469,44,98
TCTATAGGTGGGTAAT-1,Cluster 2,spot636,1457,65,109
TCTATGCTATAACGAC-1,Cluster 3,spot637,39295,64,94
TCTCAAATCAATCGGG-1,Cluster 5,spot638,26139,71,89
TCTCATGAGATAGGGT-1,Cluster 4,spot639,7029,49,87
TCTCCACAAGTTGAAT-1,Cluster 5,spot640,35225,61,93
TCTCCCTGGGCAGCGT-1,Cluster 4,spot641,6154,54,80
TCTCTAATAGCTGGTA-1,Cluster 2,spot642,176,20,52
TCTGAACCGGTCGGCT-1,Cluster 5,spot643,32368,21,37
TCTGAACTCGTACCCG-1,Cluster 3,spot644,23591,47,95
TCTGAAGCACGTGGTC-1,Cluster 3,spot645,15407,56,84
TCTGAGCAATTGACTG-1,Cluster 2,spot646,3716,54,112
TCTGATGTATTCTGTC-1,Cluster 4,spot647,7403,51,83
TCTGCATACCTTGCTT-1,Cluster 3,spot648,25484,61,99
TCTGCCAGAAACTGCA-1,Cluster 2,spot649,18809,41,79
TCTGCGTCCGGTTTCT-1,Cluster 5,spot650,11106,15,23
TCTGTGCCATCATAGT-1,Cluster 2,spot651,1897,32,80
TCTTACTTATGCCTCT-1,Cluster 1,spot652,21205,45,93
TCTTCGAATAGACGTT-1,Cluster 1,spot653,11543,39,71
TCTTCGATACCAATAA-1,Cluster 1,spot654,42007,32,66
TCTTCGCGGTGAGAGG-1,Cluster 5,spot655,27123,60,116
TCTTGATGCGTAGCGA-1,Cluster 1,spot656,13330,32,68
TGAAAGGACCTGACTC-1,Cluster 2,spot657,391,35,83
TGAGAGATTTACCACG-1,Cluster 2,spot658,5740,41,91
TGATCGGTTTGACCCT-1,Cluster 1,spot659,15718,28,54
TGATCTATCACACTCT-1,Cluster 5,spot660,4773,72,92
TGATCTCCGGCGCCAG-1,Cluster 1,spot661,18214,28,50
TGATGTCAATTAAGTG-1,Cluster 3,spot662,8780,59,103
TGCAACCCATCTGCGG-1,Cluster 5,spot663,28239,60,90
TGCAACTACTGGTTGA-1,Cluster 3,spot664,27926,69,91
TGCAAGAATGACGTAA-1,Cluster 1,spot665,62907,30,60
TGCAATCTAACACGGT-1,Cluster 3,spot666,44154,62,90
TGCAGTTTCCTCCCAT-1,Cluster 2,spot667,408,40,90
TGCATATGTCTGTCAC-1,Cluster 2,spot668,124,35,85
TGCCCGTACCGTTAAA-1,Cluster 1,spot669,57621,45,75
TGCCTAATTGAAGATT-1,Cluster 5,spot670,10416,55,105
TGCCTTGGCCAGGCAA-1,Cluster 4,spot671,2584,52,82
TGCGCAAAGCATTTGG-1,Cluster 1,spot672,35490,31,67
TGCGTACGGCTAATTG-1,Cluster 5,spot673,26855,67,101
TGCGTTTGTTGACACT-1,Cluster 1,spot674,29411,42,76
TGCTAAGTGTCTATTT-1,Cluster 4,spot675,6452,52,90
TGCTCCACAGTTCTTA-1,Cluster 2,spot676,16709,45,95
TGCTGGTTGGACAATT-1,Cluster 5,spot677,30169,21,41
TGGACCAATCTAAGAT-1,Cluster 4,spot678,5573,62,80
TGGACTGTTCGCTCAA-1,Cluster 1,spot679,28454,37,73
TGGCAAACTAAATTAC-1,Cluster 4,spot680,2787,50,78
TGGCAATGGGACGGCG-1,Cluster 3,spot681,20459,54,106
TGGCTACACTCTACCT-1,Cluster 5,spot682,15833,64,100
TGGCTATGTGACATAC-1,Cluster 5,spot683,22213,60,82
TGGGCCCATACTAATT-1,Cluster 4,spot684,7043,47,89
TGGGTGCACAAGCCAT-1,Cluster 5,spot685,6628,69,85
TGGGTGTAATAGATTT-1,Cluster 3,spot686,39272,68,102
TGGTAGAATATATGGG-1,Cluster 5,spot687,15913,48,100
TGGTTCGTAGCAAAGG-1,Cluster 1,spot688,21531,23,55
TGTACCTACACGAGGG-1,Cluster 3,spot689,27029,59,91
TGTAGCCATCCCATTC-1,Cluster 4,spot690,2411,62,112
TGTATGGCGCAGACAG-1,Cluster 2,spot691,6338,43,93
TGTCCACGGCTCAACT-1,Cluster 5,spot692,15478,65,101
TGTGCCGGTGCCGGAA-1,Cluster 4,spot693,7817,53,97
TGTGTAGTAGCACGTG-1,Cluster 2,spot694,3237,58,116
TGTTATTGTATGTGGC-1,Cluster 1,spot695,44062,44,86
TTAAGTATTGTTATCC-1,Cluster 3,spot696,19852,64,90
TTAATGTAGACCAGGT-1,Cluster 1,spot697,31830,30,68
TTACAACTACGCATCC-1,Cluster 1,spot698,40909,24,52
TTACACGATCTGCGAC-1,Cluster 4,spot699,3699,62,110
TTACATCGTGGCCTGG-1,Cluster 5,spot700,17973,20,36
TTACTAAAGGACTTTA-1,Cluster 4,spot701,6361,48,78
TTACTCCGGCCGGGAA-1,Cluster 2,spot702,2763,34,78
TTAGACGAGTCACCTC-1,Cluster 1,spot703,78897,48,80
TTAGAGTTTAGAAGGA-1,Cluster 1,spot704,68270,46,86
TTAGATAGGTCGATAC-1,Cluster 2,spot705,10,13,21
TTAGTAAACCTGCTCT-1,Cluster 3,spot706,45904,62,94
TTAGTTATTCGTGGCA-1,Cluster 1,spot707,57547,47,91
TTATATACGCTGTCAC-1,Cluster 1,spot708,27964,38,74
TTATATTTGGCAATCC-1,Cluster 2,spot709,760,26,64
TTATCCGGGATCTATA-1,Cluster 4,spot710,5220,51,87
TTATGATCTTAACGAA-1,Cluster 2,spot711,1446,38,82
TTCAAAGTCTCTAGCC-1,Cluster 1,spot712,16370,35,75
TTCAACGACCCGACCG-1,Cluster 2,spot713,154,20,48
TTCAATACTCTGAATC-1,Cluster 2,spot714,65,38,86
TTCAGCCCTGGTCCAC-1,Cluster 1,spot715,76066,47,85
TTCAGCTGGCGTGCCC-1,Cluster 3,spot716,16529,55,95
TTCCATCGACAGCGTG-1,Cluster 3,spot717,43105,61,107
TTCCGGTTACCCACTT-1,Cluster 1,spot718,54883,45,87
TTCCTCGAGGGTGTCT-1,Cluster 2,spot719,490,21,49
TTCCTCGGACTAACCA-1,Cluster 4,spot720,4720,50,86
TTCGACGGGAAGGGCG-1,Cluster 1,spot721,18785,24,44
TTCGCACTCGCGTGCT-1,Cluster 1,spot722,21980,25,45
TTCGGGACTAATCGCG-1,Cluster 1,spot723,6732,36,72
TTCGGGTTGCCACGGG-1,Cluster 5,spot724,23323,61,117
TTCTAGGCCAATTGTG-1,Cluster 5,spot725,28539,22,44
TTCTGACCGGGCTCAA-1,Cluster 4,spot726,3175,52,84
TTCTGCGGGTTAGCGG-1,Cluster 2,spot727,10240,40,80
TTCTTAGTGAACGGTG-1,Cluster 5,spot728,14918,18,34
TTCTTATCCGCTGGGT-1,Cluster 5,spot729,24701,49,101
TTGAACGACGTGCTGA-1,Cluster 3,spot730,10524,60,88
TTGAATATGGACTTTC-1,Cluster 2,spot731,5105,34,76
TTGACAGGAGCTCCCG-1,Cluster 2,spot732,8953,47,99
TTGAGAAGTTTAGCAT-1,Cluster 3,spot733,47973,55,87
TTGCGCTTGATCAATA-1,Cluster 3,spot734,32801,69,101
TTGGACCATCTGGCAA-1,Cluster 5,spot735,30676,51,105
TTGGACCTATAACAGT-1,Cluster 5,spot736,41276,56,86
TTGGGACACTGCCCGC-1,Cluster 2,spot737,3991,28,70
TTGGGACGTAAGAGTT-1,Cluster 2,spot738,821,51,109
TTGGGCGGCGGTTGCC-1,Cluster 2,spot739,1857,30,76
TTGTGAACCTAATCCG-1,Cluster 3,spot740,24203,56,90
TTGTGGTGGTACTAAG-1,Cluster 3,spot741,11590,63,95
TTGTTAGCAAATTCGA-1,Cluster 5,spot742,38614,22,42
TTGTTGTGTGTCAAGA-1,Cluster 2,spot743,6969,31,77